,score,rolling_avg_score
1,-0.004999999888241291,0.0
2,-0.004999999888241291,0.0
3,-0.004999999888241291,0.0
4,-0.004999999888241291,0.0
5,-0.004999999888241291,0.0
6,-0.004999999888241291,0.0
7,-0.004999999888241291,0.0
8,-0.004999999888241291,0.0
9,-0.004999999888241291,0.0
10,-0.004999999888241291,0.0
11,-0.004999999888241291,0.0
12,-0.004999999888241291,0.0
13,-0.004999999888241291,0.0
14,-0.004999999888241291,0.0
15,-0.004999999888241291,0.0
16,-0.004999999888241291,0.0
17,-0.004999999888241291,0.0
18,-0.004999999888241291,0.0
19,-0.004999999888241291,0.0
20,-0.004999999888241291,0.0
21,-0.004999999888241291,0.0
22,-0.004999999888241291,0.0
23,-0.004999999888241291,0.0
24,-0.004999999888241291,0.0
25,-0.004999999888241291,0.0
26,-0.004999999888241291,0.0
27,-0.004999999888241291,0.0
28,-0.004999999888241291,0.0
29,-0.004999999888241291,0.0
30,-0.004999999888241291,0.0
31,-0.004999999888241291,0.0
32,-0.004999999888241291,0.0
33,-0.004999999888241291,0.0
34,-0.004999999888241291,0.0
35,-0.004999999888241291,0.0
36,-0.004999999888241291,0.0
37,-0.004999999888241291,0.0
38,-0.004999999888241291,0.0
39,-0.004999999888241291,0.0
40,-0.004999999888241291,0.0
41,-0.004999999888241291,0.0
42,-0.004999999888241291,0.0
43,-0.004999999888241291,0.0
44,-0.004999999888241291,0.0
45,-0.004999999888241291,0.0
46,-0.004999999888241291,0.0
47,-0.004999999888241291,0.0
48,-0.004999999888241291,0.0
49,-0.004999999888241291,0.0
50,-0.004999999888241291,0.0
51,-0.004999999888241291,0.0
52,-0.004999999888241291,0.0
53,-0.004999999888241291,0.0
54,-0.004999999888241291,0.0
55,-0.004999999888241291,0.0
56,-0.004999999888241291,0.0
57,-0.004999999888241291,0.0
58,-0.004999999888241291,0.0
59,-0.004999999888241291,0.0
60,-0.004999999888241291,0.0
61,-0.004999999888241291,0.0
62,-0.004999999888241291,0.0
63,0.04500000085681677,0.0015873016109542242
64,-0.004999999888241291,0.0015625000232830644
65,-0.004999999888241291,0.0015384615613864019
66,-0.004999999888241291,0.001515151537729032
67,-0.004999999888241291,0.0014925373356733749
68,-0.004999999888241291,0.00147058825720759
69,-0.004999999888241291,0.0014492753839147263
70,-0.004999999888241291,0.0014285714498588017
71,-0.004999999888241291,0.001408450725212903
72,-0.004999999888241291,0.001388888909584946
73,-0.004999999888241291,0.0013698630341111796
74,-0.004999999888241291,0.0013513513714880556
75,-0.004999999888241291,0.0013333333532015482
76,-0.004999999888241291,0.0013157894932910015
77,-0.004999999888241291,0.0012987013180534562
78,-0.004999999888241291,0.0012820513011553348
79,-0.004999999888241291,0.0012658228036723559
80,-0.004999999888241291,0.0012500000186264515
81,-0.004999999888241291,0.0012345679196310631
82,-0.004999999888241291,0.001219512213294099
83,-0.004999999888241291,0.00120481929506164
84,-0.004999999888241291,0.001190476208215668
85,-0.004999999888241291,0.001176470605766072
86,-0.004999999888241291,0.0011627907150013501
87,-0.004999999888241291,0.0011494253044840932
88,-0.004999999888241291,0.0011363636532967741
89,-0.004999999888241291,0.0011235955223608553
90,-0.004999999888241291,0.0011111111276679568
91,-0.004999999888241291,0.0010989011152760014
92,0.04500000085681677,0.0021739130758720894
93,0.04500000085681677,0.0032258064996811653
94,0.04500000085681677,0.004255319212345367
95,-0.004999999888241291,0.004210526378531205
96,0.04500000085681677,0.005208333410943548
97,0.04500000085681677,0.006185567102481409
98,-0.004999999888241291,0.006122449070823436
99,0.04500000085681677,0.0070707071760688165
100,-0.004999999888241291,0.007000000104308128
101,0.04500000085681677,0.00800000011920929
102,-0.004999999888241291,0.00800000011920929
103,-0.004999999888241291,0.00800000011920929
104,-0.004999999888241291,0.00800000011920929
105,-0.004999999888241291,0.00800000011920929
106,-0.004999999888241291,0.00800000011920929
107,-0.004999999888241291,0.00800000011920929
108,-0.004999999888241291,0.00800000011920929
109,-0.004999999888241291,0.00800000011920929
110,-0.004999999888241291,0.00800000011920929
111,-0.004999999888241291,0.00800000011920929
112,-0.004999999888241291,0.00800000011920929
113,-0.004999999888241291,0.00800000011920929
114,-0.004999999888241291,0.00800000011920929
115,-0.004999999888241291,0.00800000011920929
116,-0.004999999888241291,0.00800000011920929
117,-0.004999999888241291,0.00800000011920929
118,-0.004999999888241291,0.00800000011920929
119,-0.004999999888241291,0.00800000011920929
120,-0.004999999888241291,0.00800000011920929
121,-0.004999999888241291,0.00800000011920929
122,-0.004999999888241291,0.00800000011920929
123,-0.004999999888241291,0.00800000011920929
124,-0.004999999888241291,0.00800000011920929
125,-0.004999999888241291,0.00800000011920929
126,-0.004999999888241291,0.00800000011920929
127,-0.004999999888241291,0.00800000011920929
128,-0.004999999888241291,0.00800000011920929
129,-0.004999999888241291,0.00800000011920929
130,-0.004999999888241291,0.00800000011920929
131,-0.004999999888241291,0.00800000011920929
132,-0.004999999888241291,0.00800000011920929
133,-0.004999999888241291,0.00800000011920929
134,-0.004999999888241291,0.00800000011920929
135,-0.004999999888241291,0.00800000011920929
136,-0.004999999888241291,0.00800000011920929
137,-0.004999999888241291,0.00800000011920929
138,-0.004999999888241291,0.00800000011920929
139,-0.004999999888241291,0.00800000011920929
140,-0.004999999888241291,0.00800000011920929
141,-0.004999999888241291,0.00800000011920929
142,-0.004999999888241291,0.00800000011920929
143,-0.004999999888241291,0.00800000011920929
144,-0.004999999888241291,0.00800000011920929
145,-0.004999999888241291,0.00800000011920929
146,-0.004999999888241291,0.00800000011920929
147,-0.004999999888241291,0.00800000011920929
148,-0.004999999888241291,0.00800000011920929
149,-0.004999999888241291,0.00800000011920929
150,-0.004999999888241291,0.00800000011920929
151,-0.004999999888241291,0.00800000011920929
152,-0.004999999888241291,0.00800000011920929
153,0.09500000160187483,0.009000000134110451
154,-0.004999999888241291,0.009000000134110451
155,-0.004999999888241291,0.009000000134110451
156,-0.004999999888241291,0.009000000134110451
157,-0.004999999888241291,0.009000000134110451
158,-0.004999999888241291,0.009000000134110451
159,-0.004999999888241291,0.009000000134110451
160,-0.004999999888241291,0.009000000134110451
161,-0.004999999888241291,0.009000000134110451
162,-0.004999999888241291,0.009000000134110451
163,0.09500000160187483,0.009000000134110451
164,0.04500000085681677,0.010000000149011612
165,-0.004999999888241291,0.010000000149011612
166,-0.004999999888241291,0.010000000149011612
167,0.04500000085681677,0.010900000166147948
168,-0.004999999888241291,0.010900000166147948
169,0.04500000085681677,0.011800000183284283
170,0.04500000085681677,0.012800000198185444
171,0.04500000085681677,0.01370000021532178
172,0.04500000085681677,0.014700000230222941
173,-0.004999999888241291,0.014700000230222941
174,0.04500000085681677,0.0157000002451241
175,-0.004999999888241291,0.0157000002451241
176,0.04500000085681677,0.01670000026002526
177,-0.004999999888241291,0.01670000026002526
178,-0.004999999888241291,0.01670000026002526
179,0.04500000085681677,0.017700000274926422
180,-0.004999999888241291,0.017700000274926422
181,-0.004999999888241291,0.017700000274926422
182,-0.004999999888241291,0.017700000274926422
183,0.04500000085681677,0.018600000292062758
184,-0.004999999888241291,0.018600000292062758
185,-0.004999999888241291,0.018600000292062758
186,-0.004999999888241291,0.018600000292062758
187,-0.004999999888241291,0.018600000292062758
188,-0.004999999888241291,0.018600000292062758
189,-0.004999999888241291,0.018600000292062758
190,-0.004999999888241291,0.018600000292062758
191,-0.004999999888241291,0.018600000292062758
192,-0.004999999888241291,0.017600000277161597
193,0.04500000085681677,0.017600000277161597
194,-0.004999999888241291,0.016600000262260436
195,0.04500000085681677,0.01750000027939677
196,-0.004999999888241291,0.01650000026449561
197,0.09500000160187483,0.01650000026449561
198,0.04500000085681677,0.017400000281631946
199,0.09500000160187483,0.017400000281631946
200,0.04500000085681677,0.018400000296533107
201,-0.004999999888241291,0.017400000281631946
202,-0.004999999888241291,0.017400000281631946
203,0.04500000085681677,0.018400000296533107
204,0.04500000085681677,0.019400000311434268
205,0.09500000160187483,0.02040000032633543
206,0.04500000085681677,0.021300000343471764
207,0.04500000085681677,0.0222000003606081
208,0.04500000085681677,0.02320000037550926
209,-0.004999999888241291,0.02320000037550926
210,0.04500000085681677,0.024200000390410422
211,-0.004999999888241291,0.024200000390410422
212,0.04500000085681677,0.025100000407546758
213,0.04500000085681677,0.026000000424683093
214,0.04500000085681677,0.02690000044181943
215,0.04500000085681677,0.027800000458955764
216,0.04500000085681677,0.0287000004760921
217,0.04500000085681677,0.029600000493228435
218,0.04500000085681677,0.030600000508129596
219,0.04500000085681677,0.031500000525265935
220,0.04500000085681677,0.03240000054240227
221,-0.004999999888241291,0.03240000054240227
222,-0.004999999888241291,0.03240000054240227
223,-0.004999999888241291,0.03240000054240227
224,0.04500000085681677,0.033300000559538606
225,0.04500000085681677,0.034300000574439764
226,0.04500000085681677,0.0352000005915761
227,-0.004999999888241291,0.0352000005915761
228,0.04500000085681677,0.036100000608712435
229,0.04500000085681677,0.03700000062584877
230,0.04500000085681677,0.03800000064074993
231,-0.004999999888241291,0.03800000064074993
232,0.04500000085681677,0.03890000065788626
233,0.04500000085681677,0.03990000067278743
234,-0.004999999888241291,0.03990000067278743
235,0.04500000085681677,0.04090000068768859
236,0.04500000085681677,0.04190000070258975
237,0.1450000023469329,0.04390000073239207
238,0.04500000085681677,0.04490000074729324
239,-0.004999999888241291,0.04490000074729324
240,0.04500000085681677,0.045900000762194394
241,-0.004999999888241291,0.045900000762194394
242,0.04500000085681677,0.04690000077709556
243,0.04500000085681677,0.04780000079423189
244,-0.004999999888241291,0.04780000079423189
245,0.04500000085681677,0.04870000081136823
246,-0.004999999888241291,0.04870000081136823
247,0.04500000085681677,0.04970000082626939
248,0.09500000160187483,0.05070000084117055
249,0.04500000085681677,0.051600000858306884
250,0.04500000085681677,0.05250000087544322
251,0.04500000085681677,0.05350000089034438
252,0.09500000160187483,0.054500000905245545
253,0.04500000085681677,0.054500000905245545
254,0.04500000085681677,0.0555000009201467
255,0.04500000085681677,0.05650000093504787
256,0.04500000178813934,0.057400000970810654
257,0.04500000085681677,0.058300000987946986
258,0.04500000085681677,0.059200001005083325
259,-0.004999999888241291,0.059200001005083325
260,-0.004999999888241291,0.059200001005083325
261,0.04500000085681677,0.06020000101998448
262,-0.004999999888241291,0.06020000101998448
263,0.04500000085681677,0.06010000102221966
264,-0.004999999888241291,0.0591000010073185
265,-0.004999999888241291,0.0591000010073185
266,0.04500000085681677,0.06010000102221966
267,-0.004999999888241291,0.059200001005083325
268,0.04500000085681677,0.06010000102221966
269,0.04500000085681677,0.06010000102221966
270,0.04500000085681677,0.06010000102221966
271,0.04500000085681677,0.06020000101998448
272,0.04500000085681677,0.06020000101998448
273,0.04500000085681677,0.06120000103488565
274,0.09500000160187483,0.06120000103488565
275,0.04500000085681677,0.06210000105202198
276,-0.004999999888241291,0.06110000103712082
277,0.04500000085681677,0.06210000105202198
278,-0.004999999888241291,0.06210000105202198
279,0.04500000085681677,0.06210000105202198
280,0.04500000085681677,0.06300000106915832
281,-0.004999999888241291,0.06300000106915832
282,0.04500000085681677,0.06390000108629465
283,0.04500000085681677,0.06400000108405948
284,0.09500000160187483,0.06500000109896063
285,0.04500000085681677,0.06590000111609698
286,-0.004999999888241291,0.06590000111609698
287,0.04500000085681677,0.06690000113099813
288,0.04500000085681677,0.0679000011458993
289,-0.004999999888241291,0.0679000011458993
290,0.04500000085681677,0.06890000116080046
291,-0.004999999888241291,0.06890000116080046
292,-0.004999999888241291,0.06890000116080046
293,0.04500000085681677,0.06880000116303563
294,0.04500000085681677,0.06980000117793679
295,0.04500000085681677,0.06980000117793679
296,0.04500000085681677,0.07070000119507312
297,0.04500000085681677,0.0706000011973083
298,0.04500000085681677,0.0706000011973083
299,0.04500000085681677,0.07050000119954347
300,0.04500000085681677,0.07040000120177865
301,-0.004999999888241291,0.07040000120177865
302,0.04500000085681677,0.07140000121667982
303,0.04500000085681677,0.07140000121667982
304,0.04500000085681677,0.07140000121667982
305,0.04500000085681677,0.07140000121667982
306,-0.004999999888241291,0.07050000119954347
307,0.04500000085681677,0.0706000011973083
308,0.04500000085681677,0.0706000011973083
309,-0.004999999888241291,0.0706000011973083
310,-0.004999999888241291,0.06960000118240714
311,0.04500000085681677,0.0706000011973083
312,-0.004999999888241291,0.06970000118017197
313,-0.004999999888241291,0.06880000116303563
314,0.04500000085681677,0.06890000116080046
315,0.04500000085681677,0.06900000115856528
316,-0.004999999888241291,0.06810000114142895
317,0.04500000085681677,0.06820000113919378
318,0.1450000023469329,0.06910000115633011
319,0.04500000085681677,0.06910000115633011
320,0.04500000085681677,0.06920000115409493
321,0.04500000085681677,0.07010000117123127
322,0.245000003837049,0.07310000121593475
323,-0.004999999888241291,0.07310000121593475
324,0.04500000085681677,0.07320000121369957
325,0.04500000085681677,0.07320000121369957
326,0.04500000085681677,0.07320000121369957
327,0.04500000085681677,0.07420000122860074
328,0.04500000085681677,0.07430000122636557
329,0.04500000085681677,0.07440000122413039
330,0.04500000085681677,0.07440000122413039
331,0.04500000085681677,0.07530000124126673
332,0.04500000085681677,0.07540000123903155
333,0.04500000085681677,0.07540000123903155
334,0.04500000085681677,0.07640000125393272
335,-0.004999999888241291,0.07540000123903155
336,0.04500000085681677,0.07540000123903155
337,0.04500000085681677,0.07430000122636557
338,0.04500000085681677,0.07430000122636557
339,0.04500000085681677,0.07530000124126673
340,0.04500000085681677,0.07530000124126673
341,0.04500000085681677,0.07630000125616788
342,0.04500000085681677,0.07630000125616788
343,0.04500000085681677,0.07630000125616788
344,0.09500000160187483,0.07730000127106905
345,0.1450000023469329,0.07840000128373503
346,0.04500000085681677,0.07930000130087138
347,0.04500000085681677,0.07930000130087138
348,0.04500000085681677,0.07930000130087138
349,0.04500000085681677,0.0794000012986362
350,0.09500000160187483,0.07950000129640103
351,0.09500000160187483,0.07950000129640103
352,0.09500000160187483,0.07950000129640103
353,0.04500000085681677,0.0794000012986362
354,0.04500000085681677,0.0794000012986362
355,0.04500000085681677,0.0794000012986362
356,0.04500000085681677,0.07950000127777457
357,0.04500000085681677,0.07950000127777457
358,0.04500000085681677,0.0796000012755394
359,0.04500000085681677,0.08060000129044056
360,0.04500000085681677,0.08160000130534172
361,0.04500000085681677,0.08160000130534172
362,-0.004999999888241291,0.08160000130534172
363,0.04500000085681677,0.08160000130534172
364,0.04500000085681677,0.08250000132247806
365,0.04500000085681677,0.08350000133737921
366,0.04500000085681677,0.0834000013396144
367,0.04500000085681677,0.08440000135451556
368,0.04500000085681677,0.08440000135451556
369,0.04500000085681677,0.08450000135228038
370,0.04500000085681677,0.08440000135451556
371,0.04500000085681677,0.08430000135675073
372,0.04500000085681677,0.08430000135675073
373,0.04500000085681677,0.08430000135675073
374,0.04500000085681677,0.08420000135898591
375,0.19500000309199095,0.08530000137165189
376,0.04500000085681677,0.08620000138878822
377,0.1450000023469329,0.08720000140368939
378,0.04500000085681677,0.08820000141859055
379,0.1450000023469329,0.0892000014334917
380,0.6950000105425715,0.0953000015206635
381,0.04500000085681677,0.09630000153556466
382,0.04500000085681677,0.09640000153332949
383,0.04500000085681677,0.09640000153332949
384,0.245000003837049,0.0984000015631318
385,0.04500000085681677,0.0984000015631318
386,0.8450000127777457,0.10740000169724226
387,0.04500000085681677,0.10740000169724226
388,0.04500000085681677,0.10740000169724226
389,0.6450000097975135,0.11440000180155038
390,0.04500000085681677,0.11440000180155038
391,0.04500000085681677,0.11540000181645155
392,0.09500000160187483,0.11640000183135271
393,0.04500000085681677,0.11650000182911753
394,0.245000003837049,0.11850000185891986
395,0.3950000060722232,0.12160000190138817
396,0.44500000681728125,0.12570000195875763
397,0.8450000127777457,0.13380000207573176
398,0.245000003837049,0.1359000021032989
399,1.5450000232085586,0.15100000232458113
400,2.4450000366196036,0.17510000267997383
401,0.245000003837049,0.17810000272467733
402,0.04500000085681677,0.17810000272467733
403,2.2450000336393714,0.20010000305250286
404,0.1450000023469329,0.20110000306740403
405,0.04500000085681677,0.20110000306740403
406,0.1450000023469329,0.20300000309944152
407,0.04500000085681677,0.20300000309944152
408,2.600000038743019,0.22800000347197055
409,0.8450000127777457,0.237000003606081
410,0.04500000085681677,0.23800000362098217
411,0.1450000023469329,0.2389000036381185
412,2.600000038743019,0.2649000040255487
413,0.245000003837049,0.26790000407025216
414,0.09500000160187483,0.26790000407025216
415,0.09500000160187483,0.26790000407025216
416,0.6950000105425715,0.2749000041745603
417,2.600000038743019,0.2999000045470893
418,1.2950000194832683,0.3119000047259033
419,0.04500000085681677,0.3120000047236681
420,0.7950000120326877,0.31900000482797625
421,0.6450000097975135,0.325100004915148
422,0.09500000160187483,0.3231000048853457
423,0.1450000023469329,0.325100004915148
424,0.1450000023469329,0.3261000049300492
425,0.3450000053271651,0.32910000497475267
426,0.1450000023469329,0.33020000498741864
427,0.04000000096857548,0.33020000498741864
428,0.04500000085681677,0.33020000498741864
429,0.3450000053271651,0.33320000503212216
430,0.29500000458210707,0.33520000506192443
431,0.04500000085681677,0.33530000505968927
432,2.600000038743019,0.3603000054322183
433,-0.004999999888241291,0.35930000541731716
434,0.3950000060722232,0.3623000054620206
435,0.04500000085681677,0.3633000054769218
436,0.8450000127777457,0.37120000559836624
437,0.1450000023469329,0.37230000561103227
438,0.3450000053271651,0.37530000565573574
439,0.44500000681728125,0.3793000057153404
440,0.7950000120326877,0.3863000058196485
441,0.1450000023469329,0.3872000058367848
442,0.19500000309199095,0.38920000586658715
443,0.19500000309199095,0.3903000058792532
444,0.1450000023469329,0.3912000058963895
445,0.19500000309199095,0.3912000058963895
446,0.19500000309199095,0.39230000590905545
447,0.04500000085681677,0.39230000590905545
448,0.09500000160187483,0.39230000590905545
449,0.1450000023469329,0.39330000592395664
450,0.19500000309199095,0.3943000059388578
451,0.245000003837049,0.3963000059686601
452,0.245000003837049,0.3982000060006976
453,0.19500000309199095,0.3993000060133636
454,0.04500000085681677,0.3993000060133636
455,0.1450000023469329,0.40030000602826477
456,0.19500000309199095,0.4013000060431659
457,0.04500000085681677,0.40140000604093073
458,0.09500000160187483,0.40140000604093073
459,0.04500000085681677,0.40140000604093073
460,0.19500000309199095,0.4024000060558319
461,0.04500000085681677,0.4024000060558319
462,0.04500000085681677,0.40340000607073306
463,0.1450000023469329,0.40440000608563426
464,0.04500000085681677,0.40450000608339903
465,0.1450000023469329,0.4054000061005354
466,0.19500000309199095,0.40650000611320136
467,0.245000003837049,0.40840000614523886
468,0.1450000023469329,0.4095000061579049
469,0.04500000085681677,0.4095000061579049
470,0.245000003837049,0.411600006185472
471,0.1450000023469329,0.412700006198138
472,0.1450000023469329,0.4136000062152743
473,0.1450000023469329,0.4146000062301755
474,0.1450000023469329,0.4157000062428415
475,0.09500000160187483,0.41470000622794034
476,0.1450000023469329,0.4158000062406063
477,0.5950000090524554,0.41980000630021097
478,0.04500000085681677,0.41980000630021097
479,0.1450000023469329,0.41980000630021097
480,0.1450000023469329,0.41470000622794034
481,0.3450000053271651,0.4177000062726438
482,1.3950000209733844,0.4307000064663589
483,0.1450000023469329,0.4316000064834952
484,0.09500000160187483,0.4296000064536929
485,2.600000038743019,0.45470000682398676
486,-0.004999999888241291,0.4457000066898763
487,0.04500000085681677,0.4457000066898763
488,2.550000037997961,0.47070000706240533
489,2.600000038743019,0.48970000734552743
490,0.29500000458210707,0.4917000073753297
491,0.44000000692903996,0.49570000743493436
492,0.04500000085681677,0.49570000743493436
493,0.19500000309199095,0.49670000744983556
494,0.7950000120326877,0.5017000075243413
495,2.2450000336393714,0.5207000078074634
496,1.095000016503036,0.5267000078968703
497,1.2950000194832683,0.530700007956475
498,1.895000028423965,0.5467000081948936
499,0.19500000309199095,0.5327000079862774
500,2.600000038743019,0.5337000080011784
501,-0.004999999888241291,0.530700007956475
502,0.09500000160187483,0.530700007956475
503,0.5950000090524554,0.5137000077031553
504,0.1450000023469329,0.5136000077053905
505,1.145000017248094,0.5246000078693033
506,1.3950000209733844,0.536700008045882
507,2.600000038743019,0.5617000084184111
508,0.5950000090524554,0.5417000081203878
509,0.09500000160187483,0.5337000080011784
510,0.245000003837049,0.5357000080309808
511,0.04500000085681677,0.5348000080138445
512,0.8450000127777457,0.5178000077605247
513,0.4950000075623393,0.5198000077903271
514,0.3450000053271651,0.5228000078350306
515,-0.004999999888241291,0.5218000078201294
516,2.600000038743019,0.5408000081032515
517,0.19500000309199095,0.5168000077456236
518,0.245000003837049,0.5059000075794756
519,0.29500000458210707,0.507900007609278
520,0.5950000090524554,0.5059000075794756
521,0.245000003837049,0.501900007519871
522,1.3950000209733844,0.5149000077135861
523,0.29500000458210707,0.5159000077284872
524,0.14500000327825546,0.5158000077493489
525,1.7950000269338489,0.5298000079579651
526,0.8450000127777457,0.5368000080622732
527,2.600000038743019,0.5618000084348023
528,0.3450000053271651,0.5648000084795057
529,0.3450000053271651,0.5648000084795057
530,0.5450000083073974,0.5678000085242093
531,2.600000038743019,0.5928000088967383
532,0.09500000160187483,0.5678000085242093
533,1.095000016503036,0.578800008688122
534,0.4950000075623393,0.5798000087030232
535,0.04500000085681677,0.5798000087030232
536,0.3450000053271651,0.5749000086262822
537,0.5450000083073974,0.5789000086858869
538,0.245000003837049,0.5779000086709857
539,1.995000029914081,0.5929000088945031
540,1.5450000232085586,0.6009000090137124
541,1.045000015757978,0.6100000091455877
542,2.4450000366196036,0.6320000094734133
543,1.2950000194832683,0.643000009637326
544,0.09500000160187483,0.6421000096201896
545,2.600000038743019,0.6661000099778175
546,0.6950000105425715,0.6711000100523233
547,0.9450000142678618,0.6801000101864338
548,0.3450000053271651,0.6831000102311373
549,0.04500000085681677,0.6821000102162361
550,0.19500000309199095,0.6821000102162361
551,0.5950000090524554,0.6851000102609396
552,0.09500000160187483,0.6832000102289021
553,0.29500000458210707,0.6842000102438033
554,1.095000016503036,0.6942000103928149
555,0.3950000060722232,0.6962000104226171
556,0.5450000083073974,0.7002000104822218
557,0.1450000023469329,0.7011000104993582
558,0.6450000097975135,0.7071000105887651
559,0.29500000458210707,0.7091000106185674
560,0.19500000309199095,0.7091000106185674
561,0.245000003837049,0.7111000106483698
562,0.29500000458210707,0.7131000106781721
563,0.1450000023469329,0.713200010675937
564,0.3950000060722232,0.7162000107206404
565,0.19500000309199095,0.7163000107184052
566,0.19500000309199095,0.7163000107184052
567,0.3950000060722232,0.7184000107459724
568,0.19500000309199095,0.7184000107459724
569,0.04500000085681677,0.7184000107459724
570,0.04500000085681677,0.7164000107161701
571,0.04500000085681677,0.7154000107012689
572,0.1450000023469329,0.7155000106990337
573,0.3450000053271651,0.7175000107288361
574,0.19500000309199095,0.7175000107288361
575,0.1450000023469329,0.7185000107437373
576,0.9950000150129199,0.7265000108629465
577,0.6450000097975135,0.7275000108778477
578,1.145000017248094,0.7385000110417604
579,0.245000003837049,0.7395000110566616
580,0.6950000105425715,0.7446000111289323
581,0.19500000309199095,0.7426000110991299
582,0.3950000060722232,0.7326000109501183
583,0.7950000120326877,0.7387000110372901
584,0.19500000309199095,0.7397000110521913
585,1.3950000209733844,0.7277000108733773
586,2.3450000351294875,0.7517000112310052
587,1.095000016503036,0.7617000113800168
588,2.3450000351294875,0.7597000113502145
589,1.995000029914081,0.7537000112608075
590,0.5950000090524554,0.756700011305511
591,2.550000037997961,0.7777000116184354
592,-0.004999999888241291,0.7767000116035342
593,0.09500000160187483,0.7757000115886331
594,0.09500000160187483,0.768700011484325
595,1.5450000232085586,0.7617000113800168
596,0.09500000160187483,0.7517000112310052
597,0.3950000060722232,0.7427000110968948
598,0.09500000160187483,0.7247000108286739
599,0.5450000083073974,0.7287000108882785
600,2.600000038743019,0.7287000108882785
601,0.09500000160187483,0.7297000109031796
602,2.600000038743019,0.7547000112757086
603,-0.004999999888241291,0.7487000111863017
604,2.600000038743019,0.7728000115416944
605,0.6450000097975135,0.7678000114671886
606,0.04500000085681677,0.7548000112734735
607,0.8450000127777457,0.7378000110201538
608,2.650000039488077,0.7588000113330782
609,0.4950000075623393,0.7628000113926828
610,0.6950000105425715,0.7668000114522875
611,-0.004999999888241291,0.7658000114373863
612,0.04500000085681677,0.757800011318177
613,2.600000038743019,0.7788000116311014
614,2.3950000358745456,0.7988000119291246
615,2.1950000328943133,0.8208000122569501
616,0.8950000135228038,0.8038000120036304
617,1.5950000239536166,0.8178000122122466
618,0.5950000090524554,0.8208000122569501
619,0.9950000150129199,0.8278000123612582
620,0.29500000458210707,0.8248000123165548
621,0.245000003837049,0.8248000123165548
622,0.5950000090524554,0.8168000121973455
623,1.845000027678907,0.8328000124357641
624,0.4950000075623393,0.8359000124596059
625,0.3450000053271651,0.8218000122532249
626,0.04500000085681677,0.8138000121340155
627,0.29500000458210707,0.7908000117912889
628,1.3950000209733844,0.8008000119403005
629,0.29500000551342964,0.7998000119253993
630,0.04500000085681677,0.7948000118508936
631,0.4950000075623393,0.7738000115379691
632,1.2450000187382102,0.785800011716783
633,2.095000031404197,0.7958000118657946
634,2.600000038743019,0.816800012178719
635,2.600000038743019,0.841800012551248
636,-0.004999999888241291,0.8378000124916434
637,0.04500000085681677,0.8328000124171376
638,2.600000038743019,0.8558000127598643
639,2.600000038743019,0.8618000128492713
640,2.600000038743019,0.8718000129982829
641,2.600000038743019,0.8868000132218004
642,1.145000017248094,0.8738000130280852
643,1.1950000179931521,0.8728000130131841
644,0.8450000127777457,0.8807000131346285
645,1.7950000269338489,0.8727000130154192
646,0.1450000023469329,0.8677000129409135
647,0.09500000160187483,0.858700012806803
648,0.09500000160187483,0.8557000127620995
649,1.6450000246986747,0.8716000130027532
650,1.095000016503036,0.8806000131368638
651,0.245000003837049,0.8776000130921602
652,0.5450000083073974,0.882600013166666
653,0.09500000160187483,0.8806000131368638
654,0.4950000075623393,0.8746000130474567
655,0.1450000023469329,0.8726000130176544
656,1.1950000179931521,0.8786000131070614
657,2.1950000328943133,0.8987000134028494
658,0.245000003837049,0.8947000133432448
659,1.5450000232085586,0.9077000135369598
660,0.245000003837049,0.908700013551861
661,0.3450000053271651,0.9097000135667622
662,0.1450000023469329,0.908700013551861
663,0.1450000023469329,0.9086000135540963
664,2.045000030659139,0.9255000138096512
665,0.7450000112876296,0.9315000138990581
666,0.19500000309199095,0.9315000138990581
667,0.3950000060722232,0.9305000138841569
668,0.29500000458210707,0.9315000138990581
669,0.245000003837049,0.9334000139310956
670,0.04500000085681677,0.9334000139310956
671,2.550000037997961,0.9584000143036246
672,0.3950000060722232,0.9604000143334269
673,0.29500000458210707,0.9594000143185258
674,1.6450000246986747,0.9744000145420432
675,0.8450000127777457,0.9814000146463513
676,0.5450000083073974,0.9774000145867467
677,0.8450000127777457,0.979400014616549
678,0.29500000458210707,0.9704000144824385
679,0.29500000458210707,0.9704000144824385
680,0.5950000090524554,0.9694000144675374
681,0.1450000023469329,0.9694000144675374
682,0.19500000309199095,0.967400014437735
683,2.2950000343844295,0.9824000146612525
684,1.1950000179931521,0.9924000148102641
685,1.095000016503036,0.9894000147655606
686,2.600000038743019,0.991400014795363
687,1.7450000261887908,0.9984000148996711
688,0.7950000120326877,0.9824000146612525
689,1.995000029914081,0.9824000146612525
690,1.145000017248094,0.9884000147506594
691,0.9450000142678618,0.972300014514476
692,1.2950000194832683,0.9853000147081912
693,0.29500000458210707,0.9873000147379934
694,0.7950000120326877,0.9943000148423016
695,0.09500000160187483,0.9793000146187842
696,1.145000017248094,0.9903000147826969
697,0.29500000458210707,0.9893000147677958
698,0.245000003837049,0.9913000147975981
699,0.1450000023469329,0.9873000147379934
700,0.245000003837049,0.9643000143952668
701,0.6450000097975135,0.970200014486909
702,0.19500000309199095,0.946200014129281
703,0.5950000090524554,0.952200014218688
704,0.3950000060722232,0.9302000138908625
705,0.6950000105425715,0.9302000138908625
706,2.600000038743019,0.9552000142633915
707,1.5450000232085586,0.9622000143676996
708,2.600000038743019,0.9612000143527984
709,0.4950000075623393,0.9612000143527984
710,1.1950000179931521,0.9662000144273043
711,0.7450000112876296,0.9742000145465135
712,0.9450000142678618,0.9831000146828592
713,1.2950000194832683,0.9701000144891441
714,0.09500000160187483,0.9471000141464174
715,0.44500000681728125,0.9301000138930976
716,2.1950000328943133,0.9431000140868128
717,2.600000038743019,0.9531000142358244
718,0.1450000023469329,0.9491000141762197
719,0.5450000083073974,0.945100014116615
720,2.045000030659139,0.963100014384836
721,0.04500000085681677,0.9611000143550337
722,0.7450000112876296,0.963100014384836
723,0.6950000105425715,0.951100014206022
724,0.6450000097975135,0.9531000142358244
725,1.045000015757978,0.9601000143401325
726,2.600000038743019,0.9851000147126615
727,0.5950000090524554,0.988100014757365
728,0.1450000023469329,0.9760000145807862
729,0.9450000142678618,0.9830000146850943
730,-0.004999999888241291,0.9820000146701932
731,0.9450000142678618,0.987000014744699
732,0.6950000105425715,0.9810000146552921
733,1.4450000217184424,0.975000014565885
734,0.29500000458210707,0.9520000142231584
735,1.145000017248094,0.9379000140167773
736,-0.004999999888241291,0.9379000140167773
737,-0.004999999888241291,0.9369000140018762
738,-0.004999999888241291,0.910900013614446
739,-0.004999999888241291,0.8849000132270157
740,2.600000038743019,0.8849000132270157
741,0.44500000681728125,0.8639000129140914
742,0.4950000075623393,0.8569000128097832
743,2.5450000381097198,0.8709000130183995
744,0.1450000023469329,0.8639000129140914
745,2.1950000328943133,0.867900012973696
746,0.9450000142678618,0.8759000130929053
747,0.19500000309199095,0.8769000131078064
748,1.1950000179931521,0.8879000132717192
749,0.04500000085681677,0.8720000130310654
750,-0.004999999888241291,0.8610000128671527
751,0.3950000060722232,0.8620000128820539
752,0.6450000097975135,0.863000012896955
753,-0.004999999888241291,0.8620000128820539
754,0.3950000060722232,0.8610000128671527
755,0.5950000090524554,0.8650000129267573
756,0.3450000053271651,0.857000012807548
757,0.3450000053271651,0.8390000125393271
758,1.2450000187382102,0.8490000126883388
759,0.09500000160187483,0.8340000124648214
760,2.600000038743019,0.857000012807548
761,0.4950000075623393,0.8580000128224492
762,0.5950000090524554,0.8620000128820539
763,2.600000038743019,0.8861000132374466
764,0.09500000160187483,0.8662000129371882
765,0.19500000309199095,0.8602000128477811
766,0.4950000075623393,0.8632000128924847
767,0.9450000142678618,0.8692000129818916
768,0.19500000309199095,0.8682000129669905
769,0.5450000083073974,0.8713000130094588
770,1.045000015757978,0.8813000131584704
771,0.04500000085681677,0.8563000127859414
772,0.245000003837049,0.8553000127710402
773,0.7450000112876296,0.860300012845546
774,0.4950000075623393,0.848300012666732
775,-0.004999999888241291,0.8393000125326217
776,0.44500000681728125,0.8383000125177205
777,0.29500000458210707,0.8323000124283135
778,0.44500000681728125,0.834200012460351
779,1.7950000269338489,0.8492000126838684
780,0.5450000083073974,0.8492000126838684
781,1.3950000209733844,0.8612000128626823
782,-0.004999999888241291,0.8592000128328801
783,-0.004999999888241291,0.8362000124901533
784,-0.004999999888241291,0.8242000123113393
785,1.1950000179931521,0.8252000123262405
786,1.095000016503036,0.8102000121027231
787,0.09500000160187483,0.7932000118494034
788,0.5450000083073974,0.7911000118218362
789,0.9950000150129199,0.7811000116728246
790,0.09500000160187483,0.7701000115089118
791,0.5450000083073974,0.7662000114470721
792,0.04500000085681677,0.7542000112682581
793,0.3950000060722232,0.7552000112831593
794,0.04500000085681677,0.7482000111788512
795,0.9950000150129199,0.7572000113129616
796,2.600000038743019,0.7712000115215778
797,-0.004999999888241291,0.7682000114768743
798,0.29500000458210707,0.7682000114768743
799,0.1450000023469329,0.7682000114768743
800,0.245000003837049,0.7682000114768743
801,0.04500000085681677,0.7622000113874674
802,2.550000037997961,0.7862000117450952
803,0.09500000160187483,0.7812000116705895
804,1.095000016503036,0.7882000117748976
805,0.04500000085681677,0.7822000116854906
806,0.04500000085681677,0.7571000113151968
807,0.1450000023469329,0.7431000111065805
808,0.1450000023469329,0.7191000107489526
809,0.09500000160187483,0.715100010689348
810,0.04500000085681677,0.7041000105254352
811,0.09500000160187483,0.6971000104211271
812,0.09500000160187483,0.6891000103019178
813,0.4950000075623393,0.6811000101827085
814,0.9450000142678618,0.690100010316819
815,0.5450000083073974,0.6911000103317201
816,0.8950000135228038,0.678100010138005
817,0.04500000085681677,0.653100009765476
818,1.4450000217184424,0.666100009959191
819,0.1450000023469329,0.6621000098995864
820,0.7950000120326877,0.6491000097058713
821,0.4950000075623393,0.653100009765476
822,2.600000038743019,0.6711000100336969
823,0.8450000127777457,0.6730000100657344
824,2.600000038743019,0.6920000103488565
825,2.600000038743019,0.7071000105701387
826,1.845000027678907,0.7001000104658306
827,1.2450000187382102,0.7071000105701387
828,2.600000038743019,0.7312000109255314
829,1.095000016503036,0.7322000109404325
830,2.600000038743019,0.7582000113278627
831,0.9950000150129199,0.7582000113278627
832,1.045000015757978,0.7622000113874674
833,0.19500000309199095,0.7492000111937522
834,0.5450000083073974,0.7522000112384558
835,2.600000038743019,0.7663000114448368
836,2.600000038743019,0.7923000118322671
837,2.600000038743019,0.8183000122196973
838,-0.004999999888241291,0.8183000122196973
839,2.550000037997961,0.8443000126071274
840,0.6450000097975135,0.8253000123240054
841,2.550000037997961,0.8463000126369298
842,0.3450000053271651,0.8453000126220286
843,0.09500000160187483,0.8203000122494996
844,0.09500000160187483,0.8194000122323633
845,0.8950000135228038,0.8064000120386481
846,1.3450000202283263,0.8104000120982527
847,2.550000037997961,0.8344000124558807
848,-0.004999999888241291,0.8224000122770667
849,1.4950000224635005,0.836400012485683
850,1.895000028423965,0.8554000127688051
851,1.4950000224635005,0.8664000129327178
852,1.4450000217184424,0.874400013051927
853,0.04500000085681677,0.8754000130668282
854,2.5450000381097198,0.8974000133946538
855,2.600000038743019,0.917400013692677
856,2.600000038743019,0.9394000140205025
857,0.3450000053271651,0.9394000140205025
858,0.3450000053271651,0.9304000138863922
859,2.550000037997961,0.9554000142589212
860,0.04500000085681677,0.9304000138863922
861,2.550000037997961,0.9514000141993165
862,2.650000039488077,0.9724000145122409
863,-0.004999999888241291,0.9464000141248107
864,1.945000029169023,0.9654000144079328
865,0.245000003837049,0.966400014422834
866,1.7450000261887908,0.979400014616549
867,0.1450000023469329,0.9714000144973397
868,0.6950000105425715,0.9764000145718456
869,0.44500000681728125,0.9754000145569444
870,1.845000027678907,0.9834000146761537
871,0.9950000150129199,0.9924000148102641
872,0.44500000681728125,0.9944000148400665
873,0.19500000309199095,0.9884000147506594
874,0.29500000458210707,0.9864000147208571
875,0.1450000023469329,0.9884000147506594
876,1.7950000269338489,1.0014000149443745
877,0.19500000309199095,1.0014000149443745
878,0.04500000085681677,0.9975000148825347
879,1.5450000232085586,0.9955000148527324
880,0.1450000023469329,0.9915000147931278
881,0.1450000023469329,0.9795000146143138
882,0.3950000060722232,0.9835000146739185
883,0.29500000458210707,0.9865000147186219
884,0.09500000160187483,0.9875000147335231
885,0.7450000112876296,0.9834000146761537
886,0.44500000681728125,0.9774000145867467
887,0.245000003837049,0.979400014616549
888,0.4950000075623393,0.9785000145994127
889,0.29500000458210707,0.9715000144951046
890,-0.004999999888241291,0.9705000144802034
891,0.9950000150129199,0.9745000145398081
892,0.245000003837049,0.9765000145696103
893,0.4950000075623393,0.9775000145845115
894,0.6950000105425715,0.9835000146739185
895,0.3950000060722232,0.9775000145845115
896,0.8450000127777457,0.9604000143334269
897,0.09500000160187483,0.9614000143483281
898,0.09500000160187483,0.9594000143185258
899,0.1450000023469329,0.9594000143185258
900,0.44500000681728125,0.9613000143505633
901,0.3450000053271651,0.9644000143930316
902,0.44500000681728125,0.9434000140801072
903,0.6450000097975135,0.9493000141717494
904,0.5450000083073974,0.9443000140972435
905,0.245000003837049,0.9463000141270459
906,0.8950000135228038,0.95440001424402
907,0.3450000053271651,0.9564000142738223
908,0.5450000083073974,0.9604000143334269
909,0.9950000150129199,0.9694000144675374
910,2.1950000328943133,0.9904000147804618
911,0.29500000458210707,0.9924000148102641
912,-0.004999999888241291,0.9905000147782266
913,0.8450000127777457,0.9945000148378312
914,0.5450000083073974,0.9905000147782266
915,0.44500000681728125,0.9895000147633255
916,0.29500000458210707,0.9835000146739185
917,0.5950000090524554,0.9885000147484243
918,1.3950000209733844,0.9875000147335231
919,0.9450000142678618,0.9955000148527324
920,0.7450000112876296,0.9954000148549675
921,0.44500000681728125,0.9954000148549675
922,0.6950000105425715,0.9764000145718456
923,0.09500000160187483,0.968500014450401
924,0.44500000681728125,0.9475000141374766
925,0.245000003837049,0.92450001379475
926,0.5450000083073974,0.9115000136010348
927,0.5950000090524554,0.9045000134967267
928,-0.004999999888241291,0.8785000131092966
929,0.8950000135228038,0.8765000130794942
930,1.845000027678907,0.8695000129751861
931,0.7950000120326877,0.8675000129453838
932,0.8950000135228038,0.8655000129155814
933,2.2950000343844295,0.8865000132285058
934,2.2450000336393714,0.9035000134818256
935,1.2950000194832683,0.8905000132881105
936,1.7450000261887908,0.8824000131711364
937,1.1950000179931521,0.8684000129625201
938,0.29500000458210707,0.8714000130072236
939,1.045000015757978,0.8564000127837061
940,0.7950000120326877,0.8584000128135085
941,2.600000038743019,0.8584000128135085
942,0.4950000075623393,0.8594000128284097
943,0.9450000142678618,0.8684000129625201
944,0.245000003837049,0.8704000129923224
945,0.6450000097975135,0.8684000129625201
946,0.1450000023469329,0.8564000127837061
947,0.04500000085681677,0.8314000124111771
948,0.7450000112876296,0.8394000125303864
949,1.6950000254437327,0.8424000125750899
950,0.04500000085681677,0.824400012306869
951,0.245000003837049,0.8124000121280551
952,0.29500000458210707,0.8004000119492412
953,0.44500000681728125,0.8044000120088458
954,2.600000038743019,0.8044000120088458
955,2.550000037997961,0.8044000120088458
956,1.7950000269338489,0.7964000118896365
957,2.600000038743019,0.8184000122174621
958,0.04500000085681677,0.8154000121727586
959,0.29500000458210707,0.7924000118300318
960,1.6950000254437327,0.8084000120684505
961,1.7950000269338489,0.8004000119492412
962,0.1450000023469329,0.7754000115767121
963,0.04500000085681677,0.7764000115916133
964,1.1950000179931521,0.768400011472404
965,1.3950000209733844,0.7794000116363168
966,1.7450000261887908,0.7794000116363168
967,2.600000038743019,0.8034000119939446
968,0.09500000160187483,0.7974000119045377
969,1.6950000254437327,0.8094000120833517
970,1.3950000209733844,0.8044000120088458
971,0.19500000309199095,0.7964000118896365
972,2.095000031404197,0.8124000121280551
973,0.6950000105425715,0.8174000122025609
974,-0.004999999888241291,0.8144000121578574
975,-0.004999999888241291,0.8124000121280551
976,2.5450000381097198,0.8204000122472643
977,0.7950000120326877,0.8254000123217702
978,1.3450000202283263,0.8383000125177205
979,-0.004999999888241291,0.8223000122793018
980,0.7450000112876296,0.8283000123687089
981,0.7450000112876296,0.8343000124581158
982,0.04500000085681677,0.8313000124134123
983,-0.004999999888241291,0.8283000123687089
984,0.245000003837049,0.8303000123985111
985,1.3950000209733844,0.836400012485683
986,0.09500000160187483,0.8324000124260783
987,1.4950000224635005,0.8444000126048923
988,1.4450000217184424,0.8544000127539039
989,0.19500000309199095,0.8534000127390027
990,0.1450000023469329,0.8554000127688051
991,0.1450000023469329,0.8474000126495957
992,1.4950000224635005,0.8594000128284097
993,1.7450000261887908,0.8724000130221248
994,1.895000028423965,0.8844000132009388
995,2.600000038743019,0.9064000135287642
996,0.4950000075623393,0.9025000134669244
997,0.7450000112876296,0.9095000135712326
998,0.5950000090524554,0.9145000136457384
999,0.3450000053271651,0.9165000136755407
1000,0.6450000097975135,0.9186000137031078
1001,0.8450000127777457,0.9235000137798488
1002,2.500000037252903,0.943500014077872
1003,0.04500000085681677,0.9376000139862299
1004,0.1450000023469329,0.9336000139266253
1005,0.1450000023469329,0.9326000139117241
1006,0.1450000023469329,0.925600013807416
1007,0.1450000023469329,0.9235000137798488
1008,0.3450000053271651,0.9215000137500465
1009,0.1450000023469329,0.9135000136308372
1010,1.5450000232085586,0.9075000135414303
1011,0.1450000023469329,0.9065000135265291
1012,-0.004999999888241291,0.9065000135265291
1013,1.845000027678907,0.9165000136755407
1014,0.8950000135228038,0.9195000137202441
1015,1.2450000187382102,0.9275000138394535
1016,0.7450000112876296,0.9325000139139593
1017,0.04500000085681677,0.9275000138394535
1018,0.6950000105425715,0.9205000137351453
1019,0.9950000150129199,0.9205000137351453
1020,2.600000038743019,0.938600014001131
1021,0.9450000142678618,0.9436000140756369
1022,0.44500000681728125,0.9416000140458345
1023,0.09500000160187483,0.9416000140458345
1024,0.5950000090524554,0.9426000140607357
1025,2.600000038743019,0.9656000144034624
1026,0.1400000024586916,0.9616000143438578
1027,2.1950000328943133,0.9776000145822763
1028,1.045000015757978,0.9886000147461891
1029,1.3450000202283263,0.9936000148206949
1030,2.2950000343844295,0.9976000148802996
1031,0.09500000160187483,0.9906000147759915
1032,0.245000003837049,0.9846000146865844
1033,0.04500000085681677,0.962600014358759
1034,0.1450000023469329,0.9416000140458345
1035,1.895000028423965,0.9476000141352415
1036,0.1450000023469329,0.9316000138968229
1037,2.2450000336393714,0.9426000140607357
1038,0.29500000458210707,0.9426000140607357
1039,-0.004999999888241291,0.9316000138968229
1040,-0.004999999888241291,0.9226000137627125
1041,-0.004999999888241291,0.8966000133752823
1042,2.3450000351294875,0.9155000136606395
1043,0.5950000090524554,0.9115000136010348
1044,0.04500000085681677,0.9095000135712326
1045,0.3450000053271651,0.9065000135265291
1046,0.44500000681728125,0.9095000135712326
1047,1.095000016503036,0.9195000137202441
1048,0.1450000023469329,0.9134000136330723
1049,1.2450000187382102,0.9084000135585666
1050,-0.004999999888241291,0.9074000135436654
1051,2.550000037997961,0.9304000138863922
1052,0.8950000135228038,0.9364000139757991
1053,2.2450000336393714,0.95440001424402
1054,2.550000037997961,0.95440001424402
1055,1.895000028423965,0.9474000141397119
1056,-0.004999999888241291,0.929400013871491
1057,0.04500000085681677,0.9044000134989619
1058,0.04500000085681677,0.9044000134989619
1059,-0.004999999888241291,0.9014000134542585
1060,0.0950000025331974,0.8854000132158398
1061,0.29500000458210707,0.8704000129923224
1062,1.3950000209733844,0.8824000131711364
1063,-0.004999999888241291,0.8814000131562352
1064,2.600000038743019,0.8954000133648514
1065,1.2450000196695328,0.8943000133708119
1066,0.29500000458210707,0.8793000131472946
1067,2.550000037997961,0.8793000131472946
1068,2.600000038743019,0.9043000135198236
1069,0.09500000160187483,0.888300013281405
1070,0.5950000090524554,0.8803000131621956
1071,2.2450000336393714,0.9012000134773552
1072,0.8950000135228038,0.8892000132985413
1073,0.44500000681728125,0.887200013268739
1074,2.600000038743019,0.9132000136561692
1075,0.245000003837049,0.9162000137008727
1076,2.600000038743019,0.9162000137008727
1077,2.600000038743019,0.9342000139690936
1078,0.5450000083073974,0.9263000138476492
1079,2.4450000366196036,0.9512000142224133
1080,0.8950000135228038,0.9522000142373145
1081,1.6450000246986747,0.9611000143736601
1082,0.1450000023469329,0.9621000143885613
1083,0.3950000060722232,0.9661000144481658
1084,0.1450000023469329,0.9651000144332648
1085,-0.004999999888241291,0.9511000142246485
1086,0.1450000023469329,0.9520000142417848
1087,0.7950000120326877,0.9450000141374767
1088,0.1450000023469329,0.9320000139437616
1089,0.1450000023469329,0.9319000139459968
1090,0.1450000023469329,0.9319000139459968
1091,0.245000003837049,0.932900013960898
1092,0.09500000160187483,0.9189000137522817
1093,0.19500000309199095,0.9029000135138631
1094,0.29500000458210707,0.8869000132754445
1095,0.245000003837049,0.8639000129327178
1096,0.1450000023469329,0.8609000128880143
1097,0.19500000309199095,0.8549000127986074
1098,0.19500000402331352,0.8509000127390027
1099,1.045000015757978,0.8579000128433109
1100,0.3450000053271651,0.8549000127986074
1101,0.1450000023469329,0.848000012692064
1102,-0.004999999888241291,0.823000012319535
1103,0.1450000023469329,0.8239000123366713
1104,-0.004999999888241291,0.821900012306869
1105,-0.004999999888241291,0.8199000122770667
1106,0.19500000309199095,0.8199000122770667
1107,0.1450000023469329,0.8200000122748315
1108,0.19500000309199095,0.8180000122450292
1109,0.19500000309199095,0.8180000122450292
1110,0.1450000023469329,0.8040000120364129
1111,0.4950000075623393,0.8070000120811165
1112,0.6950000105425715,0.8140000121854246
1113,0.04500000085681677,0.7960000119172037
1114,0.8450000127777457,0.7960000119172037
1115,0.29500000458210707,0.786000011768192
1116,0.1450000023469329,0.7800000116787851
1117,0.1450000023469329,0.7810000116936863
1118,2.550000037997961,0.8000000119768083
1119,0.09500000160187483,0.7910000118426979
1120,0.245000003837049,0.7680000114999711
1121,0.3950000060722232,0.7620000114105642
1122,0.3450000053271651,0.7609000113978982
1123,1.5950000239536166,0.7759000116214156
1124,0.44500000681728125,0.7748000116087497
1125,0.1450000023469329,0.750700011253357
1126,0.5950000090524554,0.7547000113129616
1127,0.245000003837049,0.7356000110320747
1128,0.245000003837049,0.7276000109128654
1129,0.29500000458210707,0.7166000107489526
1130,0.4950000075623393,0.6986000104807317
1131,0.3450000053271651,0.7016000105254352
1132,0.1450000023469329,0.700600010510534
1133,0.7950000120326877,0.7076000106148421
1134,0.3450000053271651,0.7096000106446445
1135,0.19500000309199095,0.6926000103913248
1136,1.2950000194832683,0.7037000105530024
1137,0.1450000023469329,0.682700010240078
1138,2.045000030659139,0.700600010510534
1139,0.09500000160187483,0.7016000105254352
1140,0.09500000160187483,0.7026000105403364
1141,1.3950000209733844,0.7166000107489526
1142,0.09500000160187483,0.6937000104039908
1143,0.09500000160187483,0.6887000103294849
1144,1.4950000224635005,0.7027000105381012
1145,0.19500000309199095,0.7007000105082989
1146,0.19500000309199095,0.6977000104635954
1147,0.09500000160187483,0.6877000103145838
1148,0.245000003837049,0.6888000103272498
1149,0.09500000160187483,0.6777000101655721
1150,0.29500000458210707,0.6807000102102756
1151,0.1450000023469329,0.6567000098526478
1152,0.9450000142678618,0.657700009867549
1153,0.7450000112876296,0.6427000096440315
1154,0.04500000085681677,0.6177000092715025
1155,0.6450000097975135,0.6056000090949237
1156,-0.004999999888241291,0.6056000090949237
1157,0.5450000083073974,0.6106000091694296
1158,-0.004999999888241291,0.6096000091545284
1159,0.1450000023469329,0.6116000091843307
1160,0.7450000112876296,0.6186000092886388
1161,0.1450000023469329,0.6175000092759728
1162,1.5450000232085586,0.6195000093057752
1163,0.19500000309199095,0.6215000093355775
1164,0.6450000097975135,0.6024000090546906
1165,0.19500000309199095,0.5915000088699162
1166,0.1450000023469329,0.5905000088550151
1167,0.19500000309199095,0.5665000084973871
1168,0.1450000023469329,0.5424000081419945
1169,0.1450000023469329,0.5434000081568956
1170,0.09500000160187483,0.5384000080823899
1171,0.1450000023469329,0.5175000077672303
1172,0.19500000309199095,0.5105000076629221
1173,0.245000003837049,0.5085000076331199
1174,0.19500000309199095,0.4854000072926283
1175,0.1450000023469329,0.48440000727772714
1176,0.1450000023469329,0.46040000692009925
1177,0.1450000023469329,0.4364000065624714
1178,0.1450000023469329,0.43240000650286675
1179,0.44500000681728125,0.4124000062048435
1180,0.1450000023469329,0.40530000610277056
1181,0.1450000023469329,0.39040000587701795
1182,0.1450000023469329,0.3903000058792532
1183,0.3450000053271651,0.3903000058792532
1184,0.04500000085681677,0.389300005864352
1185,0.04500000085681677,0.3903000058792532
1186,0.5450000083073974,0.3944000059366226
1187,0.3450000053271651,0.3903000058792532
1188,0.04500000085681677,0.389300005864352
1189,0.09500000160187483,0.3894000058621168
1190,0.1450000023469329,0.389300005864352
1191,0.04500000085681677,0.38730000583454965
1192,0.44500000681728125,0.3913000058941543
1193,0.09500000160187483,0.3903000058792532
1194,0.5450000083073974,0.39330000592395664
1195,0.09500000160187483,0.3913000058941543
1196,-0.004999999888241291,0.389300005864352
1197,0.1450000023469329,0.38920000586658715
1198,-0.004999999888241291,0.3872000058367848
1199,0.19500000309199095,0.37820000570267437
1200,0.29500000458210707,0.37720000568777323
1201,0.245000003837049,0.37820000570267437
1202,0.1450000023469329,0.38010000573471187
1203,0.3450000053271651,0.382200005762279
1204,0.09500000160187483,0.3832000057771802
1205,0.1450000023469329,0.3852000058069825
1206,0.19500000309199095,0.3852000058069825
1207,0.44500000681728125,0.388200005851686
1208,0.1450000023469329,0.3881000058539212
1209,0.1450000023469329,0.3881000058539212
1210,0.1450000023469329,0.38800000585615635
1211,0.29500000458210707,0.386000005826354
1212,-0.004999999888241291,0.3790000057220459
1213,0.09500000160187483,0.3790000057220459
1214,0.29500000458210707,0.3730000056326389
1215,0.1450000023469329,0.3720000056177378
1216,0.1450000023469329,0.37190000561997294
1217,0.19500000309199095,0.37190000561997294
1218,0.09500000160187483,0.3469000052474439
1219,-0.004999999888241291,0.3459000052325428
1220,0.6450000097975135,0.3499000052921474
1221,0.04500000085681677,0.3469000052474439
1222,0.1450000023469329,0.3449000052176416
1223,0.1450000023469329,0.33090000500902533
1224,0.04500000085681677,0.3270000049471855
1225,0.1450000023469329,0.32710000494495034
1226,0.3950000060722232,0.325100004915148
1227,0.245000003837049,0.32520000491291284
1228,0.245000003837049,0.32520000491291284
1229,0.1450000023469329,0.3242000048980117
1230,0.1450000023469329,0.3212000048533082
1231,0.245000003837049,0.32020000483840705
1232,0.1450000023469329,0.32020000483840705
1233,0.1450000023469329,0.31420000474900006
1234,0.04500000085681677,0.3112000047042966
1235,0.1450000023469329,0.31110000470653176
1236,0.1450000023469329,0.300100004542619
1237,0.245000003837049,0.3011000045575202
1238,0.1450000023469329,0.2822000042721629
1239,0.04500000085681677,0.2821000042743981
1240,0.04500000085681677,0.28200000427663324
1241,0.29500000458210707,0.2710000041127205
1242,0.1450000023469329,0.2719000041298568
1243,0.1450000023469329,0.272900004144758
1244,0.1450000023469329,0.25980000395327807
1245,0.04500000085681677,0.2588000039383769
1246,0.1450000023469329,0.2588000039383769
1247,0.245000003837049,0.2608000039681792
1248,0.04500000085681677,0.2588000039383769
1249,0.4950000075623393,0.26190000398084523
1250,0.1450000023469329,0.26090000396594404
1251,0.09500000160187483,0.2599000039510429
1252,0.29500000458210707,0.2529000038467348
1253,0.3450000053271651,0.24890000378713012
1254,1.1950000179931521,0.2599000039510429
1255,0.6950000105425715,0.26000000394880773
1256,0.1450000023469329,0.26200000397861006
1257,0.19500000309199095,0.25900000393390654
1258,0.3950000060722232,0.2630000039935112
1259,0.5450000083073974,0.26700000405311586
1260,0.1450000023469329,0.26100000396370887
1261,1.2450000187382102,0.2721000041253865
1262,0.1450000023469329,0.25810000391677024
1263,2.600000038743019,0.2821000042743981
1264,0.3450000053271651,0.27920000422745944
1265,0.6950000105425715,0.28420000430196524
1266,1.1950000179931521,0.2942000044509768
1267,0.9950000150129199,0.30220000457018614
1268,0.7950000120326877,0.3083000046573579
1269,1.6450000246986747,0.3232000048831105
1270,1.4950000224635005,0.33720000509172676
1271,0.29500000458210707,0.33820000510662795
1272,0.7450000112876296,0.3442000051960349
1273,0.4950000075623393,0.3462000052258372
1274,0.8450000127777457,0.35230000531300903
1275,2.045000030659139,0.3713000055961311
1276,1.3950000209733844,0.383300005774945
1277,0.9450000142678618,0.3913000058941543
1278,2.600000038743019,0.4153000062517822
1279,2.650000039488077,0.43740000657737255
1280,0.44500000681728125,0.44050000661984084
1281,2.600000038743019,0.46450000697746874
1282,0.1450000023469329,0.46450000697746874
1283,2.600000038743019,0.4865000073052943
1284,2.650000039488077,0.5125000076927244
1285,1.2450000187382102,0.5244000078737736
1286,0.09500000160187483,0.5194000077992678
1287,1.2950000194832683,0.528500007931143
1288,1.145000017248094,0.5395000080950558
1289,1.2450000187382102,0.5505000082589686
1290,0.6450000097975135,0.5556000083312392
1291,0.3450000053271651,0.5585000083781779
1292,0.8450000127777457,0.5625000084377825
1293,1.845000027678907,0.5805000087060034
1294,0.3450000053271651,0.5785000086762011
1295,2.600000038743019,0.6035000090487301
1296,0.1450000023469329,0.6055000090785324
1297,2.600000038743019,0.6296000094339251
1298,2.650000039488077,0.6566000098362565
1299,0.1450000023469329,0.6566000098362565
1300,1.5950000239536166,0.6696000100299716
1301,2.1450000321492553,0.6886000103130937
1302,2.600000038743019,0.7127000106684863
1303,0.7450000112876296,0.716700010728091
1304,0.3950000060722232,0.7197000107727944
1305,2.600000038743019,0.7437000111304224
1306,0.7450000112876296,0.7497000112198293
1307,2.1450000321492553,0.766700011473149
1308,0.6450000097975135,0.7718000115454197
1309,0.44500000681728125,0.7747000115923584
1310,0.7950000120326877,0.7808000116795302
1311,0.04500000085681677,0.7788000116497278
1312,0.04500000085681677,0.779800011664629
1313,0.09500000160187483,0.779800011664629
1314,0.245000003837049,0.7797000116668642
1315,0.44500000681728125,0.7827000117115677
1316,1.1950000179931521,0.792800011858344
1317,0.04500000085681677,0.791800011843443
1318,0.04500000085681677,0.7917000118456781
1319,2.600000038743019,0.8177000122331083
1320,2.600000038743019,0.8367000125162304
1321,2.600000038743019,0.8617000128887594
1322,1.6950000254437327,0.8768000131100416
1323,1.045000015757978,0.885800013244152
1324,0.1450000023469329,0.8868000132590532
1325,1.6950000254437327,0.9018000134825707
1326,0.9450000142678618,0.9078000135719776
1327,2.600000038743019,0.9308000139147043
1328,0.3450000053271651,0.9318000139296054
1329,1.145000017248094,0.9418000140786171
1330,2.600000038743019,0.965800014436245
1331,2.1450000321492553,0.9848000147193671
1332,0.29500000458210707,0.9858000147342681
1333,0.1450000023469329,0.9858000147342681
1334,0.3450000053271651,0.9888000147789717
1335,0.44500000681728125,0.99190001482144
1336,0.09500000160187483,0.9909000148065388
1337,0.3950000060722232,0.99190001482144
1338,0.8950000135228038,0.9989000149257481
1339,-0.004999999888241291,0.9980000149086118
1340,0.04500000085681677,0.9981000149063766
1341,0.04500000085681677,0.9961000148765743
1342,0.9450000142678618,1.0042000149935484
1343,0.8950000135228038,1.0112000150978566
1344,0.19000000320374966,1.0113000150956213
1345,0.09500000160187483,1.0113000150956213
1346,0.04500000085681677,1.0103000150807202
1347,0.09500000160187483,1.0083000150509178
1348,0.7450000112876296,1.015300015155226
1349,2.600000038743019,1.0363000154681503
1350,2.650000039488077,1.0613000158406793
1351,2.600000038743019,1.0863000162132084
1352,2.650000039488077,1.1103000165708363
1353,0.1450000023469329,1.108300016541034
1354,2.600000038743019,1.1223000167496502
1355,0.04500000085681677,1.1163000166602433
1356,2.600000038743019,1.1403000170178712
1357,2.650000039488077,1.164300017375499
1358,0.09500000160187483,1.1613000173307955
1359,0.7950000120326877,1.1633000173605978
1360,2.600000038743019,1.1873000177182258
1361,2.650000039488077,1.201300017926842
1362,-0.004999999888241291,1.1993000178970397
1363,0.8450000127777457,1.18230001764372
1364,2.600000038743019,1.2043000179715455
1365,2.650000039488077,1.2243000182695687
1366,1.1950000179931521,1.2243000182695687
1367,0.09500000160187483,1.2153000181354583
1368,1.045000015757978,1.2182000181823969
1369,2.3950000358745456,1.2253000182844698
1370,0.1450000023469329,1.2123000180907548
1371,0.29500000458210707,1.2123000180907548
1372,0.6450000097975135,1.2113000180758535
1373,0.09500000160187483,1.207300018016249
1374,2.3950000358745456,1.2223000182397663
1375,0.5950000090524554,1.207300018016249
1376,0.09500000160187483,1.1943000178225338
1377,0.3450000053271651,1.188200017735362
1378,1.845000027678907,1.181200017631054
1379,1.290000019595027,1.1672000174224377
1380,2.600000038743019,1.188200017735362
1381,2.650000039488077,1.1892000177502633
1382,0.3450000053271651,1.1913000177778303
1383,2.600000038743019,1.1913000177778303
1384,2.650000039488077,1.1913000177778303
1385,0.09500000160187483,1.1794000175967811
1386,1.145000017248094,1.190400017760694
1387,0.1450000023469329,1.1794000175967811
1388,0.19500000309199095,1.1694000174477697
1389,0.19500000309199095,1.1584000172838569
1390,0.3450000053271651,1.1554000172391534
1391,1.045000015757978,1.1625000173412263
1392,1.095000016503036,1.1645000173710287
1393,2.600000038743019,1.1715000174753367
1394,0.09500000160187483,1.1685000174306333
1395,1.145000017248094,1.154500017222017
1396,0.1450000023469329,1.154500017222017
1397,2.600000038743019,1.154500017222017
1398,1.3450000202283263,1.141500017028302
1399,0.1450000023469329,1.141500017028302
1400,0.4950000075623393,1.1305000168643893
1401,1.4950000224635005,1.123500016760081
1402,2.600000038743019,1.123500016760081
1403,0.1450000023469329,1.1175000166706741
1404,2.600000038743019,1.1395000169984997
1405,0.09500000160187483,1.1145000166259706
1406,2.550000037997961,1.1325000168941914
1407,-0.004999999888241291,1.1105000165663659
1408,0.8950000135228038,1.1125000165961683
1409,0.09500000160187483,1.1086000165343284
1410,0.9950000150129199,1.1106000165641308
1411,0.3450000053271651,1.1136000166088342
1412,0.5950000090524554,1.11860001668334
1413,0.5450000083073974,1.123600016757846
1414,0.7450000112876296,1.1287000168301164
1415,0.245000003837049,1.1267000168003143
1416,0.245000003837049,1.1177000166662037
1417,0.1450000023469329,1.118700016681105
1418,0.245000003837049,1.120800016708672
1419,0.245000003837049,1.0978000163659454
1420,0.5450000083073974,1.0778000160679222
1421,0.6950000105425715,1.0588000157848
1422,1.5950000239536166,1.0578000157698988
1423,2.040000030770898,1.0678000159189105
1424,2.600000038743019,1.0918000162765384
1425,2.600000038743019,1.1008000164106488
1426,0.09500000160187483,1.0918000162765384
1427,2.1450000321492553,1.0878000162169337
1428,2.045000030659139,1.1048000164702534
1429,0.4950000075623393,1.0978000163659454
1430,0.8950000135228038,1.0808000161126257
1431,2.600000038743019,1.0848000161722302
1432,0.04500000085681677,1.0828000161424278
1433,0.09500000160187483,1.0818000161275267
1434,2.600000038743019,1.1038000164553523
1435,0.3950000060722232,1.1028000164404512
1436,0.7450000112876296,1.1098000165447592
1437,0.04500000085681677,1.1068000165000558
1438,0.04500000085681677,1.0988000163808465
1439,-0.004999999888241291,1.0988000163808465
1440,0.04500000085681677,1.0988000163808465
1441,0.04500000085681677,1.0988000163808465
1442,2.600000038743019,1.114800016619265
1443,1.095000016503036,1.1168000166490675
1444,0.44500000681728125,1.119800016693771
1445,2.600000038743019,1.1448000170663
1446,0.04500000085681677,1.144700017068535
1447,0.7450000112876296,1.1517000171728433
1448,1.145000017248094,1.1557000172324479
1449,0.245000003837049,1.1327000168897212
1450,0.5950000090524554,1.1117000165767967
1451,0.44500000681728125,1.0907000162638725
1452,1.045000015757978,1.0747000160254538
1453,1.6450000246986747,1.0897000162489712
1454,0.245000003837049,1.0667000159062445
1455,0.09500000160187483,1.0667000159062445
1456,1.5450000232085586,1.0567000157572328
1457,2.600000038743019,1.0557000157423317
1458,0.04500000085681677,1.0557000157423317
1459,2.600000038743019,1.0737000160105525
1460,0.09500000160187483,1.0487000156380235
1461,2.600000038743019,1.0477000156231224
1462,0.8950000135228038,1.0567000157572328
1463,0.3450000053271651,1.0517000156827272
1464,0.04500000085681677,1.0267000153101982
1465,0.3450000053271651,1.0037000149674713
1466,2.550000037997961,1.0177000151760875
1467,0.04500000085681677,1.0177000151760875
1468,2.600000038743019,1.0328000153973698
1469,0.7450000112876296,1.0168000151589514
1470,2.045000030659139,1.0358000154420735
1471,2.600000038743019,1.0588000157848
1472,-0.004999999888241291,1.0518000156804919
1473,1.045000015757978,1.0618000158295036
1474,1.045000015757978,1.0488000156357884
1475,0.5450000083073974,1.0488000156357884
1476,0.5950000090524554,1.0538000157102942
1477,-0.004999999888241291,1.0499000156484544
1478,-0.004999999888241291,1.0309000153653323
1479,0.09500000160187483,1.0189000151865184
1480,-0.004999999888241291,0.9929000147990883
1481,0.9450000142678618,0.9759000145457685
1482,2.600000038743019,0.997900014873594
1483,-0.004999999888241291,0.9719000144861638
1484,0.19500000309199095,0.9469000141136348
1485,2.3450000351294875,0.9699000144563615
1486,0.19500000309199095,0.95990001430735
1487,2.600000038743019,0.9839000146649778
1488,-0.004999999888241291,0.9819000146351755
1489,0.8450000127777457,0.9889000147394836
1490,0.44500000681728125,0.9899000147543847
1491,0.5450000083073974,0.984900014679879
1492,0.04500000085681677,0.9749000145308674
1493,0.3450000053271651,0.9529000142030418
1494,0.3450000053271651,0.9559000142477453
1495,0.5450000083073974,0.9499000141583384
1496,2.600000038743019,0.9739000145159662
1497,0.245000003837049,0.9509000141732394
1498,1.4950000224635005,0.9519000141881406
1499,1.095000016503036,0.960900014322251
1500,0.8450000127777457,0.9649000143818557
1501,1.3450000202283263,0.9638000143691897
1502,2.600000038743019,0.9638000143691897
1503,-0.004999999888241291,0.9618000143393874
1504,0.29500000458210707,0.9388000139966607
1505,0.5450000083073974,0.9437000140734016
1506,1.4450000217184424,0.9326000139117241
1507,0.1450000023469329,0.9346000139415264
1508,0.6950000105425715,0.9326000139117241
1509,0.3450000053271651,0.9356000139564276
1510,0.04500000085681677,0.9266000138223172
1511,2.600000038743019,0.9486000141501427
1512,0.09500000160187483,0.9436000140756369
1513,2.600000038743019,0.96360001437366
1514,2.650000039488077,0.9826000146567822
1515,2.650000039488077,1.00660001501441
1516,-0.004999999888241291,1.0036000149697066
1517,2.600000038743019,1.0276000153273344
1518,0.04500000085681677,1.025600015297532
1519,2.095000031404197,1.043600015565753
1520,2.600000038743019,1.0636000158637762
1521,0.1450000023469329,1.0586000157892703
1522,2.600000038743019,1.068600015938282
1523,2.650000039488077,1.074600016027689
1524,2.650000039488077,1.07560001604259
1525,2.600000038743019,1.07560001604259
1526,2.650000039488077,1.1016000164300204
1527,1.2450000187382102,1.09260001629591
1528,2.600000038743019,1.0976000163704156
1529,0.04500000085681677,1.0935000163130462
1530,0.9450000142678618,1.0945000163279475
1531,2.600000038743019,1.0945000163279475
1532,1.2450000187382102,1.1065000165067613
1533,2.600000038743019,1.1315000168792904
1534,0.04500000085681677,1.1065000165067613
1535,2.600000038743019,1.128500016834587
1536,0.19500000309199095,1.12250001674518
1537,2.600000038743019,1.147500017117709
1538,0.3450000053271651,1.1505000171624125
1539,0.245000003837049,1.153400017209351
1540,2.1950000328943133,1.1744000175222755
1541,0.19500000309199095,1.1754000175371766
1542,1.5450000232085586,1.165400017388165
1543,0.29500000458210707,1.1574000172689558
1544,0.245000003837049,1.1554000172391534
1545,0.3950000060722232,1.134400016926229
1546,0.8450000127777457,1.1425000170432031
1547,1.095000016503036,1.1455000170879066
1548,0.1450000023469329,1.135500016938895
1549,0.1450000023469329,1.1345000169239938
1550,0.5450000083073974,1.1345000169239938
1551,0.04500000085681677,1.1305000168643893
1552,0.1450000023469329,1.1215000167302787
1553,0.8450000127777457,1.1135000166110693
1554,0.09500000160187483,1.1115000165812672
1555,0.1450000023469329,1.1124000165984034
1556,0.1450000023469329,1.0984000163897871
1557,0.04500000085681677,1.073400016017258
1558,0.1450000023469329,1.0743000160343945
1559,0.1450000023469329,1.050200015679002
1560,0.04500000085681677,1.050200015679002
1561,0.04500000085681677,1.0252000153064729
1562,0.4950000075623393,1.021200015246868
1563,0.19500000309199095,1.0192000152170657
1564,0.1450000023469329,1.020200015231967
1565,1.995000029914081,1.0362000154703856
1566,0.04500000085681677,1.0112000150978566
1567,2.600000038743019,1.0362000154703856
1568,1.945000029169023,1.0302000153809785
1569,1.145000017248094,1.0342000154405833
1570,0.245000003837049,1.0162000151723622
1571,0.5950000090524554,0.9962000148743391
1572,0.1450000023469329,0.9982000149041415
1573,0.1450000023469329,0.9891000147722662
1574,2.600000038743019,1.0041000149957835
1575,1.4950000224635005,1.0131000151298941
1576,1.945000029169023,1.0271000153385104
1577,0.29500000458210707,1.0301000153832138
1578,0.19500000309199095,1.032100015413016
1579,1.3450000202283263,1.0450000156089663
1580,0.3450000053271651,1.049000015668571
1581,1.145000017248094,1.0510000156983734
1582,0.04500000085681677,1.0260000153258444
1583,0.04500000085681677,1.0270000153407455
1584,0.1450000023469329,1.0270000153407455
1585,0.04500000085681677,1.0040000149980188
1586,0.04500000085681677,1.0030000149831175
1587,-0.004999999888241291,0.9770000145956874
1588,0.1450000023469329,0.9790000146254897
1589,0.3950000060722232,0.974000014550984
1590,0.19500000309199095,0.9710000145062804
1591,0.1450000023469329,0.9669000144489109
1592,0.09500000160187483,0.9669000144489109
1593,0.245000003837049,0.9659000144340097
1594,0.1450000023469329,0.9639000144042075
1595,0.1450000023469329,0.959800014346838
1596,1.2450000187382102,0.9468000141531229
1597,0.04500000085681677,0.9448000141233206
1598,0.5950000090524554,0.9358000139892101
1599,0.29500000458210707,0.9278000138700009
1600,0.1450000023469329,0.9208000137656928
1601,0.3450000053271651,0.910900013614446
1602,0.19500000309199095,0.8869000132568181
1603,0.9950000150129199,0.8969000134058297
1604,0.19500000309199095,0.8959000133909285
1605,1.1950000179931521,0.9020000134781003
1606,1.7450000261887908,0.9051000135205686
1607,0.3450000053271651,0.907100013550371
1608,0.6450000097975135,0.907100013550371
1609,1.6450000246986747,0.920100013744086
1610,2.600000038743019,0.945100014116615
1611,0.09500000160187483,0.920100013744086
1612,1.3450000202283263,0.9331000139378012
1613,2.600000038743019,0.9331000139378012
1614,1.5950000239536166,0.9221000137738884
1615,0.3450000053271651,0.8991000134311616
1616,0.4950000075623393,0.9041000135056675
1617,0.5450000083073974,0.8841000132076442
1618,0.6950000105425715,0.8901000132970512
1619,1.4450000217184424,0.8841000132076442
1620,0.29500000458210707,0.8611000128649176
1621,0.6450000097975135,0.8661000129394233
1622,0.5450000083073974,0.8461000126414001
1623,0.6950000105425715,0.8261000123433768
1624,1.6450000246986747,0.8161000121943652
1625,0.09500000160187483,0.7911000118218362
1626,0.1450000023469329,0.7661000114493072
1627,0.09500000160187483,0.7541000112704933
1628,0.34000000543892384,0.7321000109426677
1629,0.44500000681728125,0.7362000110000372
1630,0.04500000085681677,0.7272000108659268
1631,0.7450000112876296,0.7092000105977059
1632,0.04500000085681677,0.6972000104188919
1633,2.500000037252903,0.6962000104039907
1634,0.7450000112876296,0.7032000105082988
1635,0.09500000160187483,0.6782000101357698
1636,2.600000038743019,0.7022000104933978
1637,0.3450000053271651,0.6802000101655722
1638,1.2950000194832683,0.6892000102996826
1639,1.145000017248094,0.6983000104315579
1640,0.6450000097975135,0.6833000102080404
1641,2.550000037997961,0.7073000105656684
1642,-0.004999999888241291,0.6913000103272497
1643,1.5450000232085586,0.7043000105209649
1644,0.29500000458210707,0.7043000105209649
1645,2.600000038743019,0.7253000108338893
1646,0.6950000105425715,0.7233000108040869
1647,2.045000030659139,0.7333000109530985
1648,2.045000030659139,0.7523000112362206
1649,0.29500000458210707,0.7533000112511218
1650,1.2450000187382102,0.7603000113554299
1651,0.19500000309199095,0.7613000113703311
1652,1.045000015757978,0.7703000115044415
1653,0.1450000023469329,0.7633000114001334
1654,1.5450000232085586,0.7783000116236508
1655,2.600000038743019,0.8024000119790435
1656,1.7450000261887908,0.8184000122174621
1657,0.9450000142678618,0.8274000123515726
1658,0.7950000120326877,0.8335000124387443
1659,2.600000038743019,0.857600012794137
1660,1.3450000202283263,0.8706000129878521
1661,0.6450000097975135,0.8766000130772591
1662,0.8450000127777457,0.8806000131368638
1663,1.5450000232085586,0.8945000133477151
1664,0.19500000309199095,0.8945000133477151
1665,2.600000038743019,0.9005000134371222
1666,0.1450000023469329,0.9015000134520232
1667,2.600000038743019,0.9015000134520232
1668,2.4450000366196036,0.9065000135265291
1669,0.1450000023469329,0.8965000133775175
1670,0.6450000097975135,0.9005000134371222
1671,2.600000038743019,0.9205000137351453
1672,-0.004999999888241291,0.918500013705343
1673,2.2450000336393714,0.9396000140160322
1674,0.9450000142678618,0.9236000137776137
1675,0.04500000085681677,0.9096000135689973
1676,0.5950000090524554,0.8956000133603811
1677,2.2950000343844295,0.9156000136584044
1678,2.045000030659139,0.9346000139415264
1679,1.1950000179931521,0.9327000139094889
1680,1.845000027678907,0.9477000141330063
1681,1.4450000217184424,0.9507000141777098
1682,1.5450000232085586,0.9657000144012272
1683,2.550000037997961,0.9907000147737562
1684,0.1450000023469329,0.9907000147737562
1685,0.9450000142678618,0.9997000149078668
1686,2.600000038743019,1.0247000152803958
1687,2.095000031404197,1.04570001559332
1688,0.7950000120326877,1.0517000156827272
1689,0.44500000681728125,1.0527000156976283
1690,0.1450000023469329,1.0527000156976283
1691,0.6450000097975135,1.0577000157721341
1692,0.44500000681728125,1.0617000158317387
1693,0.29500000458210707,1.0617000158317387
1694,0.3450000053271651,1.063700015861541
1695,0.29500000458210707,1.064800015874207
1696,0.5950000090524554,1.0578000157698988
1697,0.5950000090524554,1.0628000158444046
1698,0.8450000127777457,1.065800015889108
1699,0.09500000160187483,1.063800015859306
1700,0.5950000090524554,1.0678000159189105
1701,0.8950000135228038,1.0728000159934163
1702,1.095000016503036,1.0818000161275267
1703,1.2950000194832683,1.0848000161722302
1704,0.9950000150129199,1.0928000162914395
1705,1.6450000246986747,1.0977000163681805
1706,0.29500000458210707,1.0827000161446632
1707,2.1950000328943133,1.100700016412884
1708,0.29500000458210707,1.0967000163532794
1709,0.19500000309199095,1.0817000161297619
1710,0.5450000083073974,1.0617000158317387
1711,0.245000003837049,1.063700015861541
1712,0.09500000160187483,1.050700015667826
1713,0.5450000083073974,1.0307000153698027
1714,0.29500000458210707,1.0177000151760875
1715,0.44500000681728125,1.0187000151909889
1716,0.3950000060722232,1.0177000151760875
1717,2.2450000336393714,1.0347000154294073
1718,0.19500000309199095,1.0297000153549016
1719,-0.004999999888241291,1.014700015131384
1720,0.1450000023469329,1.013700015116483
1721,-0.004999999888241291,1.0067000150121748
1722,1.3450000202283263,1.014700015131384
1723,0.245000003837049,1.0107000150717795
1724,0.7450000112876296,1.0017000149376691
1725,0.29500000458210707,1.0037000149674713
1726,0.6950000105425715,1.0087000150419771
1727,1.4950000224635005,1.0227000152505934
1728,0.44500000681728125,1.0237000152654945
1729,1.5950000239536166,1.0347000154294073
1730,0.8450000127777457,1.0427000155486166
1731,0.04500000085681677,1.0357000154443086
1732,1.5450000232085586,1.050700015667826
1733,0.44500000681728125,1.0307000153698027
1734,-0.004999999888241291,1.0227000152505934
1735,0.09500000160187483,1.0236000152677298
1736,2.2450000336393714,1.0206000152230263
1737,0.09500000160187483,1.0176000151783229
1738,0.4950000075623393,1.0096000150591136
1739,0.7950000120326877,1.0056000149995088
1740,1.5950000239536166,1.0146000151336194
1741,2.600000038743019,1.0146000151336194
1742,0.9950000150129199,1.024600015282631
1743,0.29500000458210707,1.0116000150889157
1744,2.4450000366196036,1.0336000154167413
1745,1.145000017248094,1.019600015208125
1746,0.8450000127777457,1.0215000152401625
1747,0.04500000085681677,1.0015000149421394
1748,0.04500000085681677,0.9815000146441162
1749,0.1450000023469329,0.980500014629215
1750,0.29500000458210707,0.9705000144802034
1751,0.04500000085681677,0.9695000144653022
1752,0.29500000458210707,0.9615000143460929
1753,2.600000038743019,0.9855000147037208
1754,-0.004999999888241291,0.9695000144653022
1755,0.245000003837049,0.9465000141225756
1756,0.09500000160187483,0.9295000138692557
1757,0.4950000075623393,0.92450001379475
1758,0.3950000060722232,0.9205000137351453
1759,0.9950000150129199,0.9045000134967267
1760,2.1950000328943133,0.912500013615936
1761,1.095000016503036,0.9165000136755407
1762,0.5450000083073974,0.9134000136330723
1763,0.09500000160187483,0.8985000134073198
1764,0.6450000097975135,0.9035000134818256
1765,0.19500000309199095,0.8795000131241977
1766,1.7950000269338489,0.8955000133626163
1767,1.4950000224635005,0.8845000131987035
1768,1.145000017248094,0.8715000130049885
1769,1.2450000187382102,0.8824000131711364
1770,0.3950000060722232,0.8794000131264329
1771,0.9950000150129199,0.8634000128880143
1772,0.04500000085681677,0.8644000129029155
1773,-0.004999999888241291,0.8414000125601888
1774,-0.004999999888241291,0.8314000124111771
1775,0.29500000458210707,0.8334000124409795
1776,0.29500000458210707,0.830400012396276
1777,0.04500000085681677,0.8084000120684505
1778,0.3450000053271651,0.7914000118151308
1779,1.2450000187382102,0.7924000118300318
1780,0.9450000142678618,0.7834000116959214
1781,0.8950000135228038,0.7774000116065145
1782,0.04500000085681677,0.7624000113829971
1783,0.44500000681728125,0.7414000110700727
1784,1.095000016503036,0.7504000112041831
1785,0.9450000142678618,0.7503000112064183
1786,0.44500000681728125,0.7293000108934939
1787,0.09500000160187483,0.7093000105954707
1788,0.09500000160187483,0.7023000104911625
1789,0.44500000681728125,0.7023000104911625
1790,0.4950000075623393,0.705300010535866
1791,0.5450000083073974,0.7044000105187297
1792,0.5450000083073974,0.7054000105336309
1793,0.245000003837049,0.7054000105336309
1794,0.5450000083073974,0.7074000105634332
1795,1.995000029914081,0.7244000108167529
1796,1.3950000209733844,0.7324000109359622
1797,2.600000038743019,0.7524000112339855
1798,0.6450000097975135,0.7504000112041831
1799,0.09500000160187483,0.7504000112041831
1800,0.04500000085681677,0.7454000111296772
1801,0.1450000023469329,0.7383000110276043
1802,0.19500000309199095,0.7293000108934939
1803,1.045000015757978,0.7273000108636916
1804,2.550000037997961,0.7433000111021102
1805,-0.004999999888241291,0.7264000108465553
1806,2.600000038743019,0.7494000111892819
1807,2.650000039488077,0.7544000112637878
1808,2.600000038743019,0.7774000116065145
1809,0.29500000458210707,0.7784000116214156
1810,0.7450000112876296,0.780400011651218
1811,1.1950000179931521,0.7894000117853284
1812,2.600000038743019,0.8144000121578574
1813,-0.004999999888241291,0.8084000120684505
1814,0.19500000309199095,0.8074000120535493
1815,2.600000038743019,0.8284000123664736
1816,2.3450000351294875,0.8484000126644969
1817,1.3450000202283263,0.8394000125303864
1818,2.600000038743019,0.8634000128880143
1819,-0.004999999888241291,0.8634000128880143
1820,0.5450000083073974,0.8674000129476189
1821,0.8950000135228038,0.8764000130817294
1822,0.8450000127777457,0.8714000130072236
1823,2.600000038743019,0.8944000133499503
1824,2.600000038743019,0.9124000136181712
1825,0.3450000053271651,0.9134000136330723
1826,0.8950000135228038,0.9154000136628747
1827,2.2950000343844295,0.923400013782084
1828,2.600000038743019,0.9444000140950084
1829,2.650000039488077,0.9554000142589212
1830,2.600000038743019,0.9724000145122409
1831,-0.004999999888241291,0.9714000144973397
1832,2.2450000336393714,0.9784000146016478
1833,2.600000038743019,0.9994000149145722
1834,0.29500000458210707,1.0024000149592758
1835,0.1450000023469329,1.0025000149570404
1836,0.19500000309199095,0.9815000146441162
1837,0.09500000160187483,0.9815000146441162
1838,0.09500000160187483,0.9775000145845115
1839,0.09500000160187483,0.9705000144802034
1840,0.1450000023469329,0.9565000142715872
1841,0.04500000085681677,0.9314000139012932
1842,1.1950000179931521,0.9334000139310956
1843,0.3450000053271651,0.9343000139482319
1844,1.4950000224635005,0.9243000137992203
1845,2.600000038743019,0.9383000140078366
1846,0.29500000458210707,0.9324000139161944
1847,2.3450000351294875,0.9554000142589212
1848,0.1450000023469329,0.9564000142738223
1849,0.1450000023469329,0.9564000142738223
1850,0.04500000085681677,0.95440001424402
1851,0.3450000053271651,0.9574000142887235
1852,0.1450000023469329,0.9564000142738223
1853,0.04500000085681677,0.9314000139012932
1854,1.7950000269338489,0.9494000141695141
1855,1.5450000232085586,0.9624000143632293
1856,1.7950000269338489,0.979400014616549
1857,1.4950000224635005,0.9894000147655606
1858,0.6450000097975135,0.9924000148102641
1859,2.600000038743019,1.0084000150486827
1860,1.6450000246986747,1.003300014976412
1861,0.7950000120326877,1.0003000149317085
1862,2.550000037997961,1.0204000152274966
1863,0.9450000142678618,1.029400015361607
1864,0.1450000023469329,1.0244000152871013
1865,0.09500000160187483,1.0234000152722
1866,0.1450000023469329,1.0074000150337816
1867,2.550000037997961,1.0184000151976944
1868,0.1450000023469329,1.0084000150486827
1869,2.600000038743019,1.0215000152401625
1870,2.600000038743019,1.043500015567988
1871,1.6950000254437327,1.0505000156722963
1872,0.09500000160187483,1.0505000156722963
1873,1.045000015757978,1.0615000158362091
1874,0.04500000085681677,1.0625000158511102
1875,0.04500000085681677,1.0605000158213078
1876,1.1950000179931521,1.0695000159554184
1877,2.550000037997961,1.0945000163279475
1878,2.045000030659139,1.1115000165812672
1879,0.9450000142678618,1.1085000165365637
1880,0.3450000053271651,1.102400016449392
1881,1.2450000187382102,1.1064000165089964
1882,0.1450000023469329,1.1074000165238977
1883,2.550000037997961,1.128400016836822
1884,0.09500000160187483,1.1184000166878105
1885,0.04500000085681677,1.1095000165514648
1886,0.3450000053271651,1.1084000165387988
1887,0.44500000681728125,1.1124000165984034
1888,0.04500000085681677,1.1124000165984034
1889,0.19500000309199095,1.1094000165537
1890,0.6450000097975135,1.1114000165835023
1891,0.19500000309199095,1.1074000165238977
1892,1.5450000232085586,1.1174000166729092
1893,0.19500000309199095,1.1164000166580081
1894,0.44500000681728125,1.1154000166431068
1895,0.09500000160187483,1.096400016359985
1896,0.5450000083073974,1.0884000162407756
1897,0.1450000023469329,1.0644000158831477
1898,0.7950000120326877,1.0654000158980488
1899,0.29500000458210707,1.0674000159278512
1900,0.1450000023469329,1.0684000159427525
